[
    {
        "Pearl": {
            "PearlSpriteName": "sprites/objects/pearl.sprite.json",
            "PearlParticlesSpriteName": "sprites/particles/pearl_particles.sprite.json",
            "PearlDisableSpriteName": "sprites/objects/pearl_disable.sprite.json",
            "PearlDestroySpriteName": "sprites/objects/pearl_destroy.sprite.json",
            "PearlCreateSpriteName": "sprites/objects/pearl_create.sprite.json",
            "CreatePlayer": {
                "AudioName": "audio/sfx/sfx_pearl_create.wav",
                "AutoPlaying": false,
                "Volume": 0.2
            },
            "DestroyPlayer": {
                "AudioName": "audio/sfx/sfx_pearl_destroy.wav",
                "AutoPlaying": false,
                "Volume": 0.4
            }
        },
        "ParticleEmitter2D": {},
        "VisibilityNotifier2D": {},
        "CollisionBox2D": {
            "Size": {   
                "x": 32,
                "y": 32
            },
            "Offset": {
                "x": 0, 
                "y": 0
            },
            "IsCentered": true,
            "CollisionLayers": [
                0
            ],
            "DrawDebug": false
        },
        "AnimatedSprite2D": {
            "SpriteName": "sprites/objects/pearl.sprite.json",
            "FrameRate": 7.0,
            "Frame": 0,
            "Offset": {
                "x": 0,
                "y": 0
            },
            "Centered": true
        }
    }
]