[
    {
        "AudioPlayer2D": {
            "AudioName": "audio/music/music.wav",
            "AutoPlaying": true,
            "Volume": 1.0
        }
    },

    {
        "ParticleEmitter2D": {},
        "World2D":
        {
            "Name": "tilemap/tilemap.ldtk",
            "TilesetName": "tilemap/tileset.png"
        },
        "Transform2D":
        {
            "Position": 
            {
                "x": 0,
                "y": 0
            },
            "Scale":
            {
                "x": 1,
                "y": 1
            },
            "Rotation": 0
        }
    },


    {
        "ParallaxLayer2D": {
            "BackgroundName": "sprites/background/background.sprite.json",
            "BackgroundFrame": 0,
            "ScrollScale": 0.0
        },
        "Transform2D": {
            "Position": {
                "x": 0,
                "y": 0
            },
            "Scale": {
                "x": 1,
                "y": 1
            },
            "Rotation": 0
        }
    },

    {
        "ParallaxLayer2D": {
            "BackgroundName": "sprites/background/background.sprite.json",
            "BackgroundFrame": 0,
            "ScrollScale": 0.05
        },
        "Transform2D": {
            "Position": {
                "x": 0,
                "y": 0
            },
            "Scale": {
                "x": 1,
                "y": 1
            },
            "Rotation": 0
        }
    },

    {
        "ParallaxLayer2D": {
            "BackgroundName": "sprites/background/background.sprite.json",
            "BackgroundFrame": 1,
            "ScrollScale": 0.1
        },
        "Transform2D": {
            "Position": {
                "x": 0,
                "y": 0
            },
            "Scale": {
                "x": 1,
                "y": 1
            },
            "Rotation": 0
        }
    },

    {
        "ParallaxLayer2D": {
            "BackgroundName": "sprites/background/background.sprite.json",
            "BackgroundFrame": 2,
            "ScrollScale": 0.15
        },
        "Transform2D": {
            "Position": {
                "x": 0,
                "y": 0
            },
            "Scale": {
                "x": 1,
                "y": 1
            },
            "Rotation": 0
        }
    },

    {
        "ParallaxLayer2D": {
            "BackgroundName": "sprites/background/background.sprite.json",
            "BackgroundFrame": 3,
            "ScrollScale": 0.3
        },
        "Transform2D": {
            "Position": {
                "x": 0,
                "y": 0
            },
            "Scale": {
                "x": 1,
                "y": 1
            },
            "Rotation": 0
        }
    }
]