[
    {
        "ParticleEmitter2D": {},
        "PlayerController": {
            "State": "Free",
            "DustSpriteName": "sprites/particles/dust.sprite.json",
            
            "LandPlayer":
            {
                "AudioName": "audio/sfx/sfx_land.wav",
                "AutoPlaying": false,
                "Volume": 0.2
            },
            "DashPlayer": {
                "AudioName": "audio/sfx/sfx_dash.wav",
                "AutoPlaying": false,
                "Volume": 0.5
            },
            "StepPlayer": {
                "AudioName": "audio/sfx/sfx_step.wav",
                "AutoPlaying": false,
                "Volume": 1.0
            },
            "HitPlayer": {
                "AudioName": "audio/sfx/sfx_hit.wav",
                "AutoPlaying": false,
                "Volume": 1.0
            },
            "DeathPlayer": {
                "AudioName": "audio/sfx/sfx_death.wav",
                "AutoPlaying": false,
                "Volume": 1.0
            },
            "SpringPlayer": {
                "AudioName": "audio/sfx/sfx_spring.wav",
                "AutoPlaying": false,
                "Volume": 1.0
            }
        },
        "CameraController2D": {
            "ShakeFreq": 18.0,
            "LookDistance": 50.0,
            "LookSpeed": 2.0,
            "TransitionSpeed": 8.0
            
        },
        "AnimatedSprite2D": {
            "SpriteName": "sprites/player/idle.sprite.json",
            "FrameRate": 12.0,
            "Frame": 0,
            "Offset": {
                "x": -24,
                "y": -48
            },
            "Centered": false
        },
        "Gravity2D": {
            "Gravity": 200
        },
        "PhysicsBody2D": {
            "IsStatic": false,
            "Velocity": {
                "x": 0.0,
                "y": 0.0
            }
        },
        "CollisionBox2D": {
            "Size": {
                "x": 16,
                "y": 24
            },
            "Offset": {
                "x": -8,
                "y": -24
            },
            "IsCentered": false,
            "CollisionLayers": [
                0
            ],
            "DrawDebug": false
        }
    }
]