[
    {
        "PhysicsBody2D": {
            "IsStatic": false,
            "Velocity": {
                "x": 0.0,
                "y": 0.0
            }
        },
        "CollisionBox2D": {
            "Size": {
                "x": 16,
                "y": 16
            },
            "Offset": {
                "x": 0,
                "y": 0
            },
            "IsCentered": false,
            "CollisionLayers": [
                0
            ],
            "DrawDebug": false
        }
    }
]