{
    "Sprites": [
        "sprites/player/idle.sprite.json",
        "sprites/player/dash.sprite.json",
        "sprites/player/wall.sprite.json",
        "sprites/player/death.sprite.json",
        "sprites/player/wall_walk.sprite.json",
        "sprites/player/run.sprite.json",
        "sprites/player/jump.sprite.json",
        "sprites/ui/leaf_icon.sprite.json",
        "sprites/ui/skull_icon.sprite.json",
        "sprites/objects/leaf_collect.sprite.json",
        "sprites/objects/pearl_create.sprite.json",
        "sprites/objects/pearl.sprite.json",
        "sprites/objects/spike.sprite.json",
        "sprites/objects/pearl_disable.sprite.json",
        "sprites/objects/leaf.sprite.json",
        "sprites/objects/spring.sprite.json",
        "sprites/objects/pearl_destroy.sprite.json",
        "sprites/background/background.sprite.json",
        "sprites/particles/dust.sprite.json",
        "sprites/particles/death.sprite.json",
        "sprites/particles/pearl_particles.sprite.json",
        "sprites/particles/grass.sprite.json",
        "sprites/particles/leaf_particles.sprite.json"
    ],
    "Shaders": [
        "shaders/default.glsl"
    ],
    "Scenes": [
        "scenes/main.scene.json",
        "scenes/solidtile.scene.json",
        "scenes/player.scene.json",
        "scenes/grass.scene.json",
        "scenes/objects/pearl.scene.json",
        "scenes/objects/spring.scene.json",
        "scenes/objects/leaf.scene.json",
        "scenes/spike/spike_down.scene.json",
        "scenes/spike/spike_right.scene.json",
        "scenes/spike/spike_top.scene.json",
        "scenes/spike/spike_left.scene.json"
    ],
    "Materials": [],
    "Fonts": [
        "fonts/default.font.json"
    ],
    "Audios": [
        "audio/sfx_land.wav",
        "audio/sfx_dash.wav",
        "audio/sfx_step.wav",
        "audio/sfx/sfx_land.wav",
        "audio/sfx/sfx_spring.wav",
        "audio/sfx/sfx_death.wav",
        "audio/sfx/sfx_hit.wav",
        "audio/sfx/sfx_dash.wav",
        "audio/sfx/sfx_pearl.wav",
        "audio/sfx/sfx_pearl_destroy.wav",
        "audio/sfx/sfx_collect.wav",
        "audio/sfx/sfx_step.wav",
        "audio/sfx/sfx_pearl_create.wav",
        "audio/music/music.wav"
    ]
}