[
    {
        "Leaf": {
            "LeafCollectName": "sprites/objects/leaf_collect.sprite.json",
            "LeafParticlesName": "sprites/particles/leaf_particles.sprite.json",
            "CollectPlayer": {
                "AudioName": "audio/sfx/sfx_collect.wav",
                "AutoPlaying": false,
                "Volume": 1.0
            }
        },
        "ParticleEmitter2D": {},
        "VisibilityNotifier2D": {},
        "CollisionBox2D": {
            "Size": {   
                "x": 32,
                "y": 32
            },
            "Offset": {
                "x": 0, 
                "y": 0
            },
            "IsCentered": true,
            "CollisionLayers": [
                0
            ],
            "DrawDebug": false
        },
        "AnimatedSprite2D": {
            "SpriteName": "sprites/objects/leaf.sprite.json",
            "FrameRate": 7.0,
            "Frame": 0,
            "Offset": {
                "x": 0,
                "y": 0
            },
            "Centered": true
        }
    }
]