[
    {
        "Spring": {
            "Collision": false
        },
        "VisibilityNotifier2D": {},
        "CollisionBox2D": {
            "Size": {   
                "x": 16,
                "y": 4
            },
            "Offset": {
                "x": 0, 
                "y": 28
            },
            "IsCentered": false,
            "CollisionLayers": [
                0
            ],
            "DrawDebug": false
        },
        "AnimatedSprite2D": {
            "SpriteName": "sprites/objects/spring.sprite.json",
            "FrameRate": 0.0,
            "Frame": 0,
            "Offset": {
                "x": 0,
                "y": 0
            },
            "Centered": false
        }
    }
]